City,Lat,Lng,Min_Temp,Max_Temp,Humidity,Cloudiness,Wind_Speed,Country,Date
New Norfolk,-42.7826,147.0587,53.1,56.71,78,98,1.41,AU,1660363485
Batagay,67.6333,134.6333,59.18,59.18,54,80,10.92,RU,1660363485
Tāttayyangārpettai,11.1333,78.45,85.35,85.35,56,83,8.05,IN,1660363486
Bredasdorp,-34.5322,20.0403,43.3,43.3,86,54,4.7,ZA,1660363487
Nantucket,41.2835,-70.0995,66.02,67.14,45,99,6.85,US,1660363487
Byron Bay,-28.65,153.6167,58.71,59.94,94,100,2.71,AU,1660363466
Ureshinomachi-shimojuku,33.1,129.9833,88.18,88.75,61,70,10.92,JP,1660363488
Jamestown,42.097,-79.2353,50.95,58.71,66,0,1.01,US,1660363412
Butaritari,3.0707,172.7902,81.86,81.86,76,99,14.27,KI,1660363489
Trollhättan Municipality,58.2333,12.4167,49.66,55.4,93,46,2.3,SE,1660363489
Warrnambool,-38.3833,142.4833,56.95,56.95,69,68,9.28,AU,1660363490
Tiksi,71.6872,128.8694,41.95,41.95,76,32,12.06,RU,1660363490
Juradó,7.1053,-77.7641,76.8,76.8,90,100,3.13,CO,1660363491
Wenling,28.3669,121.36,88.66,88.66,67,1,13.98,CN,1660363491
Port-Cartier,50.0334,-66.8654,58.75,58.75,65,98,5.23,CA,1660363492
Saldanha,-33.0117,17.9442,49.55,49.55,77,50,3.58,ZA,1660363493
Khāsh,28.2211,61.2158,81.59,81.59,16,53,14.67,IR,1660363493
Hermanus,-34.4187,19.2345,39.79,39.79,76,45,6.17,ZA,1660363493
Oktyabr'skoye,43.0645,44.7417,66.34,68.14,93,0,0.0,RU,1660363494
Bambous Virieux,-20.3428,57.7575,66.45,71.22,82,40,10.36,MU,1660363494
Thompson,55.7435,-97.8558,54.72,54.72,71,66,3.29,CA,1660363475
Nome,64.5011,-165.4064,50.07,51.17,93,100,8.05,US,1660363495
Henties Bay,-22.116,14.2845,52.84,52.84,90,10,6.89,NA,1660363495
Ushuaia,-54.8,-68.3,35.26,35.26,80,75,17.27,AR,1660363496
Busselton,-33.65,115.3333,55.63,55.63,93,100,27.54,AU,1660363496
Guerrero Negro,27.9769,-114.0611,73.58,73.58,80,21,14.27,MX,1660363497
Pangody,65.85,74.4859,57.9,57.9,87,100,5.41,RU,1660363498
Mar del Plata,-38.0023,-57.5575,51.87,54.09,87,100,5.99,AR,1660363498
Shimoda,34.6667,138.95,76.1,76.1,96,100,24.32,JP,1660363499
Salalah,17.0151,54.0924,75.29,75.29,97,100,6.73,OM,1660363499
Matara,5.9485,80.5353,83.53,83.53,70,79,11.14,LK,1660363500
Saint-Philippe,-21.3585,55.7679,63.1,64.22,80,80,16.51,RE,1660363500
Puerto Escondido,15.85,-97.0667,79.63,79.63,65,40,5.75,MX,1660363501
Korla,41.7597,86.1469,88.09,88.09,13,84,11.5,CN,1660363501
Avarua,-21.2078,-159.775,77.05,77.05,94,100,9.22,CK,1660363502
Huautla,21.0333,-98.2833,71.11,71.11,91,64,4.36,MX,1660363502
Mataura,-46.1927,168.8643,44.47,44.47,78,73,6.51,NZ,1660363503
Punta Arenas,-53.15,-70.9167,33.12,33.91,80,40,6.91,CL,1660363503
Kysyl-Syr,63.8986,122.7617,63.18,63.18,62,100,5.28,RU,1660363503
Road Town,18.4167,-64.6167,81.34,81.34,73,100,17.16,VG,1660363309
Clyde River,70.4692,-68.5914,45.16,45.16,79,100,9.44,CA,1660363504
Verkhoyansk,67.5447,133.385,58.73,58.73,54,94,11.34,RU,1660363277
Port Hedland,-20.3167,118.5667,84.25,84.25,23,39,17.27,AU,1660363505
Djebeniana,35.035,10.9081,79.16,79.16,63,0,6.46,TN,1660363505
‘Āhuimanu,21.4447,-157.8378,76.17,82.11,68,75,14.97,US,1660363505
Saint Paul Harbor,57.79,-152.4072,54.91,54.91,88,100,6.91,US,1660363443
Codrington,-38.2667,141.9667,57.88,57.88,69,85,8.25,AU,1660363506
Klaksvík,62.2266,-6.589,52.72,52.72,87,1,9.62,FO,1660363507
Bonavista,48.6499,-53.1147,60.42,60.42,96,100,12.91,CA,1660363507
Albany,42.6001,-73.9662,53.33,61.43,72,1,4.09,US,1660363507
Rikitea,-23.1203,-134.9692,73.26,73.26,78,87,24.58,PF,1660363508
Alofi,-19.0595,-169.9187,73.94,73.94,72,100,17.65,NU,1660363509
Merauke,-8.4667,140.3333,80.87,80.87,75,54,14.7,ID,1660363509
Kuching,1.55,110.3333,87.22,88.02,74,40,8.05,MY,1660363510
Aklavik,68.2191,-135.0107,70.65,70.65,40,56,4.5,CA,1660363510
Vaini,-21.2,-175.2,73.56,73.56,78,20,10.36,TO,1660363511
Iqaluit,63.7506,-68.5145,47.7,47.7,87,100,13.0,CA,1660363511
Kavaratti,10.5669,72.642,81.23,81.23,82,67,14.05,IN,1660363512
Dunedin,-45.8742,170.5036,54.81,54.81,51,18,11.99,NZ,1660363513
Tasiilaq,65.6145,-37.6368,30.36,30.36,70,2,2.98,GL,1660363513
Tuktoyaktuk,69.4541,-133.0374,57.18,57.18,67,33,11.12,CA,1660363514
Hobyo,5.3505,48.5268,76.87,76.87,79,64,23.53,SO,1660363514
Mareeba,-17.0,145.4333,77.72,80.47,57,80,5.03,AU,1660363515
Puerto Ayora,-0.7393,-90.3518,70.56,70.56,95,100,5.99,EC,1660363515
Fraserburgh,57.6874,-2.0184,54.43,55.49,89,69,4.79,GB,1660363515
Oracon,10.4782,122.5839,83.46,83.46,71,91,2.73,PH,1660363516
Bethel,41.3712,-73.414,56.07,69.89,56,0,5.75,US,1660363517
Agua Verde,22.9,-106.05,82.49,82.49,82,100,8.68,MX,1660363517
Chu,43.5983,73.7614,82.53,82.53,27,0,6.04,KZ,1660363517
Norman Wells,65.282,-126.8329,68.2,68.2,41,75,4.32,CA,1660363518
Narsaq,60.9167,-46.05,46.62,46.62,93,100,2.77,GL,1660363518
Kavieng,-2.5744,150.7967,84.36,84.36,68,89,11.5,PG,1660363519
South San Francisco,37.6547,-122.4078,58.28,69.37,82,20,19.57,US,1660363519
Port Elizabeth,-33.918,25.5701,50.31,51.1,95,100,3.0,ZA,1660363520
Kindu,-2.95,25.95,69.67,69.67,94,93,3.56,CD,1660363520
Pangnirtung,66.1451,-65.7125,53.64,53.64,51,97,4.52,CA,1660363521
Bull Savanna,17.8868,-77.5902,76.78,76.78,85,18,7.05,JM,1660363522
Hilo,19.7297,-155.09,75.61,83.28,81,20,6.91,US,1660363522
Portland,45.5234,-122.6762,63.12,71.42,63,0,4.0,US,1660363253
Morón,-34.6534,-58.6198,56.8,59.99,78,99,3.83,AR,1660363523
San Cristobal,7.7669,-72.225,73.58,73.58,99,73,2.01,VE,1660363523
Ancud,-41.8697,-73.8203,45.86,45.86,89,100,11.74,CL,1660363524
Lagunas,-5.2269,-75.6753,74.26,74.26,83,64,1.23,PE,1660363524
Palmer,42.1584,-72.3287,54.01,64.81,75,65,4.34,US,1660363525
Chapais,49.7834,-74.8492,47.82,47.82,91,3,3.49,CA,1660363525
Hvide Sande,56.0045,8.1294,64.83,64.83,66,20,6.76,DK,1660363526
Cape Town,-33.9258,18.4232,42.12,48.11,88,29,1.01,ZA,1660363255
Kaitangata,-46.2817,169.8464,49.26,49.26,71,48,9.66,NZ,1660363526
Barrow,71.2906,-156.7887,37.63,37.63,86,100,16.4,US,1660363527
Talnakh,69.4865,88.3972,60.21,60.21,49,100,18.23,RU,1660363527
Mahébourg,-20.4081,57.7,66.49,71.26,82,40,10.36,MU,1660363528
Hornepayne,49.2138,-84.7705,51.19,51.19,67,98,6.04,CA,1660363528
Plettenberg Bay,-34.0527,23.3716,52.12,52.12,69,100,4.14,ZA,1660363529
Fort Nelson,58.8053,-122.7002,65.66,65.66,67,0,4.03,CA,1660363529
Hithadhoo,-0.6,73.0833,82.49,82.49,76,36,11.65,MV,1660363512
Nabire,-3.3667,135.4833,81.16,81.16,83,95,2.1,ID,1660363530
Chokurdakh,70.6333,147.9167,40.84,40.84,85,100,7.0,RU,1660363530
Tavda,58.0425,65.2726,64.33,64.33,79,73,11.68,RU,1660363531
George Town,5.4112,100.3354,85.93,87.89,69,20,4.61,MY,1660363531
Pulgaon,20.7333,78.3333,81.36,81.36,75,76,13.33,IN,1660363532
Hobart,-42.8794,147.3294,53.46,57.06,88,75,8.05,AU,1660363532
Port Moresby,-9.4431,147.1797,80.71,80.71,79,62,10.31,PG,1660363532
Vengerovo,55.6848,76.7471,63.97,63.97,68,79,13.8,RU,1660363533
Ambilobe,-13.2,49.05,66.76,66.76,66,5,3.67,MG,1660363533
Arrifes,37.7667,-25.7,68.25,68.25,83,20,6.91,PT,1660363534
São Filipe,14.8961,-24.4956,76.5,76.5,78,58,10.83,CV,1660363534
Āmli,20.2833,73.0167,81.14,81.14,85,100,15.99,IN,1660363534
Christchurch,-43.5333,172.6333,53.8,55.33,48,6,5.75,NZ,1660363437
Chegdomyn,51.1167,133.0167,68.74,68.74,62,98,4.32,RU,1660363535
Ponta do Sol,32.6667,-17.1,66.13,68.72,72,5,4.97,PT,1660363535
Kodino,63.7198,39.6447,54.59,54.59,69,5,5.39,RU,1660363536
Yellowknife,62.456,-114.3525,57.22,57.22,50,3,6.64,CA,1660363537
Pitimbu,-7.4706,-34.8086,73.99,73.99,82,3,13.27,BR,1660363537
Chui,-33.6971,-53.4616,56.28,56.28,90,100,9.13,UY,1660363538
Berlevåg,70.8578,29.0864,49.8,50.0,81,100,24.16,NO,1660363538
Dabou,5.3256,-4.3769,73.74,73.74,90,87,9.98,CI,1660363539
Lokachi,50.737,24.6494,62.74,62.74,95,100,9.24,UA,1660363539
Mayumba,-3.432,10.6554,69.13,69.13,89,53,4.47,GA,1660363540
Hofn,64.2539,-15.2082,49.8,49.8,72,2,0.65,IS,1660363540
Kapaa,22.0752,-159.319,76.48,80.58,77,40,13.8,US,1660363541
Paraje Nuevo,18.8708,-96.8667,69.35,69.35,98,90,3.2,MX,1660363541
Mount Gambier,-37.8333,140.7667,56.08,56.08,83,47,6.04,AU,1660363542
Queenstown,-31.8976,26.8753,48.13,48.13,83,100,4.09,ZA,1660363543
Lamar,33.6668,-95.5836,80.58,83.64,65,0,5.75,US,1660363543
Lagoa,39.05,-27.9833,73.53,73.53,84,1,10.25,PT,1660363544
Lahaina,20.8783,-156.6825,78.8,84.2,79,22,7.4,US,1660363544
Amrāvati,20.9333,77.75,79.92,79.92,77,73,13.8,IN,1660363545
Hasaki,35.7333,140.8333,77.4,77.4,81,58,23.76,JP,1660363545
Antsohihy,-14.8796,47.9875,70.43,70.43,55,0,10.85,MG,1660363546
Lüderitz,-26.6481,15.1594,54.55,54.55,91,29,8.28,NA,1660363546
Beihai,21.4833,109.1,84.16,84.16,74,99,6.53,CN,1660363547
Asău,46.4333,26.4,65.28,65.32,92,2,3.91,RO,1660363547
Southbridge,42.0751,-72.0334,55.85,66.51,77,99,5.03,US,1660363547
Novy Urengoy,66.0833,76.6333,56.5,56.5,93,100,14.0,RU,1660363548
Dali,25.7,100.1833,76.39,76.39,62,10,1.54,CN,1660363548
Torbay,47.6666,-52.7314,59.4,60.76,95,100,3.0,CA,1660363401
Mkushi,-13.6202,29.3939,53.33,53.33,63,2,4.27,ZM,1660363549
Karratha,-20.7377,116.8463,79.05,79.05,32,13,18.75,AU,1660363549
Ribeira Grande,38.5167,-28.7,74.75,74.75,81,3,5.79,PT,1660363549
Zhigansk,66.7697,123.3711,54.01,54.01,61,82,16.42,RU,1660363550
Concordia,-31.393,-58.0209,60.78,60.78,91,80,5.99,AR,1660363551
Bluff,-46.6,168.3333,44.8,44.8,65,29,14.32,NZ,1660363551
Bengkulu,-3.8004,102.2655,83.48,83.48,68,48,4.41,ID,1660363552
Yulara,-25.2406,130.9889,63.16,63.16,27,0,2.15,AU,1660363552
Coquimbo,-29.9533,-71.3436,53.29,53.29,82,0,3.8,CL,1660363417
Husavik,66.0449,-17.3389,46.58,46.58,92,100,6.08,IS,1660363552
Grindavik,63.8424,-22.4338,48.67,48.67,71,100,2.3,IS,1660363553
Elizabeth City,36.2946,-76.2511,66.99,69.82,96,20,3.44,US,1660363454
Balyqshy,47.0667,51.8667,80.6,80.6,36,0,13.42,KZ,1660363554
Adrar,20.5022,-10.0711,86.18,86.18,50,99,14.58,MR,1660363554
Bichura,50.5881,107.6022,74.07,74.07,47,100,1.3,RU,1660363555
Touros,-5.1989,-35.4608,74.8,74.8,82,52,13.49,BR,1660363555
Khatanga,71.9667,102.5,58.51,58.51,41,13,10.74,RU,1660363556
Praia,14.9215,-23.5087,76.93,76.93,78,99,12.06,CV,1660363556
Carauari,-4.8828,-66.8958,78.12,78.12,63,93,1.5,BR,1660363309
Port Augusta,-32.5,137.7667,61.99,61.99,39,52,15.52,AU,1660363557
Cradock,-32.1642,25.6192,46.13,46.13,85,100,4.65,ZA,1660363557
Severo-Kuril'sk,50.6789,156.125,57.54,57.54,93,99,9.53,RU,1660363558
Shakawe,-18.3667,21.85,55.65,55.65,37,0,4.05,BW,1660363558
Bac Lieu,9.285,105.7244,86.54,86.54,64,17,6.29,VN,1660363308
Gorontalo,0.5412,123.0595,87.31,87.31,69,34,7.54,ID,1660363559
Muisne,0.6,-80.0333,72.59,72.59,89,99,6.35,EC,1660363559
Lata,40.1629,-8.3327,56.97,56.97,95,14,1.66,PT,1660363560
Dingle,10.9995,122.6711,87.3,87.3,68,95,3.0,PH,1660363561
Saskylakh,71.9167,114.0833,55.92,55.92,48,74,1.23,RU,1660363562
Mamakan,57.8161,114.0028,60.69,60.69,87,100,1.19,RU,1660363562
Vila do Maio,15.1333,-23.2167,77.18,77.18,78,100,16.73,CV,1660363563
Santa Luzia,-19.7697,-43.8514,59.9,59.9,73,53,4.59,BR,1660363563
Alugan,12.2188,125.4808,85.19,85.19,69,49,5.79,PH,1660363563
Keti Bandar,24.1447,67.4497,82.31,82.31,80,100,12.1,PK,1660363564
Hopkinsville,36.8656,-87.4886,63.73,67.51,100,27,5.86,US,1660363564
Zima,53.9202,102.0442,65.73,65.73,67,81,3.47,RU,1660363565
Port Alfred,-33.5906,26.891,52.18,52.18,83,100,10.22,ZA,1660363515
Benguela,-12.5763,13.4055,68.04,68.04,81,80,1.68,AO,1660363565
Biu,10.6129,12.1946,66.74,66.74,98,100,5.08,NG,1660363566
Port Hardy,50.6996,-127.4199,59.18,59.18,94,100,4.61,CA,1660363566
Barjora,23.4333,87.2833,86.14,86.14,67,57,11.25,IN,1660363566
Sivaki,52.6333,126.75,63.12,63.12,81,98,2.26,RU,1660363567
Aranos,-24.1333,19.1167,50.5,50.5,10,2,7.92,NA,1660363567
Souillac,-20.5167,57.5167,66.58,66.58,82,40,10.36,MU,1660363288
Olafsvik,64.8945,-23.7142,47.03,47.03,72,85,5.39,IS,1660363568
Tarazá,7.5836,-75.4007,73.92,73.92,96,94,3.31,CO,1660363568
Acapulco de Juárez,16.8634,-99.8901,80.42,80.42,83,100,2.3,MX,1660363544
Inta,66.0317,60.1659,52.32,52.32,80,80,12.8,RU,1660363569
Airai,-8.9266,125.4092,75.33,75.33,44,9,3.69,TL,1660363569
Lavrentiya,65.5833,-171.0,44.29,44.29,95,100,8.01,RU,1660363569
Vostok,46.4856,135.8833,69.67,69.67,57,57,5.21,RU,1660363570
Kamenka,51.3223,42.7678,73.71,73.71,47,93,9.35,RU,1660363571
Clearwater,27.9659,-82.8001,76.96,83.93,76,0,5.75,US,1660363571
Taoudenni,22.6783,-3.9836,92.91,92.91,39,0,10.22,ML,1660363571
Tarata,-17.6167,-66.0167,52.07,52.07,33,10,4.72,BO,1660363572
Leningradskiy,69.3833,178.4167,35.2,35.2,81,100,14.27,RU,1660363572
Baie-Comeau,49.2168,-68.1489,57.34,57.34,79,81,4.59,CA,1660363573
Samarai,-10.6167,150.6667,79.34,79.34,84,77,9.98,PG,1660363573
Dikson,73.5069,80.5464,46.15,46.15,96,100,23.96,RU,1660363573
Todos Santos,23.45,-110.2167,81.05,87.3,84,41,1.23,MX,1660363574
Pevek,69.7008,170.3133,32.5,32.5,86,100,6.55,RU,1660363574
Zaraza,9.3503,-65.3245,73.17,73.17,96,95,3.94,VE,1660363575
Northam,51.0333,-4.2167,66.38,67.6,57,10,8.28,GB,1660363575
Srostki,52.4189,85.7022,72.25,72.25,60,79,6.98,RU,1660363576
Kruisfontein,-34.0033,24.7314,48.88,48.88,70,100,5.41,ZA,1660363576
Kangalassy,62.3464,129.9628,74.93,75.13,44,57,5.53,RU,1660363577
Harindānga,22.0383,88.3214,86.16,86.16,76,72,14.2,IN,1660363578
Geraldton,-28.7667,114.6,63.01,63.01,94,100,14.97,AU,1660363578
Cabo San Lucas,22.8909,-109.9124,85.17,87.62,67,31,3.0,MX,1660363478
Laguna,38.421,-121.4238,72.14,80.62,46,0,6.91,US,1660363578
Tonj,7.2737,28.6822,68.7,68.7,93,100,2.26,SS,1660363579
Buala,-8.145,159.5921,84.36,84.36,66,38,3.38,SB,1660363579
Saint Anthony,45.0205,-93.218,62.94,67.78,79,100,12.66,US,1660363580
Marovoay,-16.1,46.6333,66.43,66.43,63,0,7.43,MG,1660363580
Iberia,29.9502,-91.7507,75.18,77.07,94,0,3.44,US,1660363580
Tiznit Province,29.5833,-9.5,76.28,76.28,48,1,1.72,MA,1660363581
Darnah,32.767,22.6367,77.18,77.18,75,0,9.08,LY,1660363581
Arraial do Cabo,-22.9661,-42.0278,67.14,67.14,67,28,12.44,BR,1660363581
Fort-Shevchenko,44.5086,50.263,86.11,86.11,36,52,8.16,KZ,1660363582
Richards Bay,-28.783,32.0377,67.15,67.15,79,100,8.25,ZA,1660363582
Ilulissat,69.2167,-51.1,48.22,48.22,66,75,8.05,GL,1660363583
Lorengau,-2.0226,147.2712,84.85,84.85,63,17,10.94,PG,1660363583
Marsá Maţrūḩ,31.3525,27.2453,76.33,76.33,72,0,11.45,EG,1660363583
Bilma,18.6853,12.9164,87.64,87.64,48,46,3.06,NE,1660363584
Sobolevo,54.4299,31.8996,58.68,58.68,84,7,6.02,RU,1660363584
Coyhaique,-45.5752,-72.0662,33.75,34.41,80,0,4.61,CL,1660363585
Xining,36.6167,101.7667,75.4,75.4,65,100,0.92,CN,1660363585
Hambantota,6.1241,81.1185,84.54,84.54,79,20,6.91,LK,1660363586
Atuona,-9.8,-139.0333,77.09,77.09,71,2,19.86,PF,1660363586
Qaanaaq,77.484,-69.3632,41.99,41.99,72,100,16.51,GL,1660363587
Colwyn Bay,53.2948,-3.7267,61.65,65.95,73,4,8.14,GB,1660363587
Ikalamavony,-21.15,46.5833,54.54,54.54,80,0,5.37,MG,1660363588
Dekernes,31.0876,31.595,72.79,72.79,81,0,4.21,EG,1660363588
Kirya,-3.9167,37.4833,62.96,62.96,85,71,6.17,TZ,1660363589
Visby,57.6409,18.296,58.82,59.22,94,86,2.3,SE,1660363589
Yar-Sale,66.8333,70.8333,50.04,50.04,92,100,8.77,RU,1660363590
Norrtälje,59.758,18.705,53.78,65.01,88,70,4.72,SE,1660363590
Cayenne,4.9333,-52.3333,75.24,80.1,1,20,0.0,GF,1660363590
Liwale,-9.7667,37.9333,60.28,60.28,92,30,0.54,TZ,1660363591
Mossamedes,-15.1961,12.1522,63.16,63.16,87,68,6.35,AO,1660363591
Beitbridge,-22.2167,30.0,62.2,62.2,43,0,5.14,ZW,1660363591
Ariquemes,-9.9133,-63.0408,74.97,74.97,58,3,0.96,BR,1660363592
Longyearbyen,78.2186,15.6401,42.13,42.13,97,100,3.91,SJ,1660363592
Grand Gaube,-20.0064,57.6608,66.6,71.38,57,98,11.01,MU,1660363593
Lompoc,34.6391,-120.4579,57.92,69.57,86,0,8.05,US,1660363593
Udachny,66.4167,112.4,45.03,45.03,78,100,12.35,RU,1660363593
Laas,46.6166,10.7002,46.69,46.69,86,0,1.52,IT,1660363594
Colesberg,-30.72,25.0972,46.99,46.99,65,94,2.8,ZA,1660363594
Mabaruma,8.2,-59.7833,72.59,72.59,98,15,2.24,GY,1660363595
Mouila,-1.8685,11.0559,69.53,69.53,89,93,0.81,GA,1660363595
Soria,41.6667,-2.6667,66.96,66.96,32,3,1.61,ES,1660363595
Chimoio,-19.1164,33.4833,56.93,56.93,66,0,4.07,MZ,1660363596
Paita,-5.0892,-81.1144,62.82,62.82,88,83,10.13,PE,1660363596
Goderich,43.7501,-81.7165,54.91,55.9,56,100,5.26,CA,1660363536
Nikolskoye,59.7035,30.7861,62.49,65.88,78,49,2.48,RU,1660363596
Shirokiy,49.758,129.523,68.74,68.74,78,97,4.38,RU,1660363597
Hong Kong,22.2855,114.1577,83.95,89.33,78,49,8.99,HK,1660363411
Doka,13.5167,35.7667,69.42,69.42,97,100,7.78,SD,1660363597
Gizo Government Station,-8.103,156.8419,84.09,84.09,67,50,3.96,SB,1660363598
Solwezi,-12.1688,26.3894,54.07,54.07,56,31,3.06,ZM,1660363598
Santa Maria,-29.6842,-53.8069,55.72,55.72,91,100,5.08,BR,1660363599
Te Anau,-45.4167,167.7167,46.72,46.72,75,10,1.97,NZ,1660363599
Chimbote,-9.0853,-78.5783,61.09,61.09,87,25,9.37,PE,1660363504
East London,-33.0153,27.9116,59.32,59.32,69,100,11.25,ZA,1660363599
Petatlán,17.5167,-101.2667,76.96,76.96,92,100,1.57,MX,1660363600
Kieta,-6.2167,155.6333,84.02,84.02,64,79,4.25,PG,1660363601
Amzya,56.2354,54.3868,67.14,67.14,68,4,8.7,RU,1660363602
Ostrovnoy,68.0531,39.5131,50.65,50.65,74,99,25.08,RU,1660363603
San Jose,37.3394,-121.895,59.97,68.9,68,20,11.5,US,1660363305
Jati,24.3539,68.2671,81.57,81.57,82,100,11.81,PK,1660363603
Yaan,7.3833,8.5667,70.59,70.59,98,100,6.73,NG,1660363604
Amur Oblast,54.0,128.0,61.16,61.16,80,100,0.22,RU,1660363605
Vila Velha,-20.3297,-40.2925,66.94,66.94,82,86,7.4,BR,1660363322
Río Gallegos,-51.6226,-69.2181,32.05,32.05,80,0,19.57,AR,1660363605
Dolores,-36.3132,-57.6792,53.91,53.91,80,88,5.93,AR,1660363606
Port Lincoln,-34.7333,135.8667,57.49,57.49,68,76,19.1,AU,1660363549
Podosinovets,60.2776,47.0659,59.32,59.32,69,3,4.12,RU,1660363606
Erzin,36.9559,36.2,76.59,76.59,77,0,0.72,TR,1660363607
Oak Harbor,48.2932,-122.6432,58.78,65.14,81,40,11.5,US,1660363549
Manbij,36.5281,37.9549,75.76,75.76,68,0,16.91,SY,1660363607
Quelimane,-17.8786,36.8883,64.35,64.35,100,20,4.61,MZ,1660363607
Kamphaeng Phet,16.25,99.5,85.19,85.19,64,77,2.98,TH,1660363608
Vila Praia de Âncora,41.811,-8.8526,63.1,63.1,90,98,3.53,PT,1660363608
Kapuskasing,49.4169,-82.4331,54.57,54.57,71,62,5.61,CA,1660363577
Bolgatanga,10.7856,-0.8514,73.63,73.63,95,100,3.2,GH,1660363609
Saint-Augustin,51.226,-58.6502,61.03,61.03,97,87,3.91,CA,1660363609
Igarka,67.4667,86.5833,56.98,56.98,54,100,16.89,RU,1660363610
Vanavara,60.34,102.2797,56.91,56.91,58,81,3.29,RU,1660363611
La Providencia,28.7167,-111.5833,86.05,88.21,78,5,7.18,MX,1660363611
Onguday,50.75,86.15,66.88,66.88,64,78,3.31,RU,1660363612
Beloha,-25.1667,45.05,61.9,61.9,69,0,4.94,MG,1660363612
Gazojak,41.1875,61.4036,86.49,86.49,21,0,11.61,TM,1660363613
Wawa,9.9022,4.4192,73.35,73.35,92,69,3.51,NG,1660363613
Cabedelo,-6.9811,-34.8339,74.07,74.07,82,5,14.61,BR,1660363614
Srandakan,-7.9386,110.2506,83.17,83.17,74,32,7.78,ID,1660363614
Faanui,-16.4833,-151.75,78.6,78.6,65,11,15.28,PF,1660363615
Upernavik,72.7868,-56.1549,45.64,45.64,72,100,11.74,GL,1660363615
Ketchikan,55.3422,-131.6461,59.47,59.47,88,0,5.75,US,1660363452
Gambiran,-6.7988,111.4951,89.37,89.37,52,54,8.05,ID,1660363616
Baykit,61.67,96.37,60.19,60.19,48,22,3.98,RU,1660363616
Agvali,42.5385,46.1197,70.77,70.77,65,7,5.3,RU,1660363617
Tabou,4.423,-7.3528,74.75,74.75,84,100,10.22,CI,1660363617
Bayan,46.0833,127.4,75.92,75.92,64,61,10.83,CN,1660363618
Thunder Bay,48.4001,-89.3168,53.44,53.44,94,68,2.37,CA,1660363395
Tutóia,-2.7619,-42.2744,78.96,78.96,79,51,13.13,BR,1660363619
Esim,4.8699,-2.2405,74.39,74.39,89,99,9.35,GH,1660363619
Maradi,13.5,7.1017,75.67,75.67,77,82,9.1,NE,1660363619
Maxixe,-23.8597,35.3472,69.62,69.62,94,40,5.75,MZ,1660363620
Marzuq,14.4,46.4667,79.54,79.54,59,94,7.16,YE,1660363620
Nishihara,26.1842,127.7558,88.68,91.45,70,40,12.66,JP,1660363620
Nampa,43.5407,-116.5635,77.68,84.31,42,0,0.0,US,1660363573
Bathsheba,13.2167,-59.5167,83.01,83.01,74,20,12.66,BB,1660363621
Fairbanks,64.8378,-147.7164,68.09,77.0,55,75,5.75,US,1660363621
Chara,56.9064,118.2631,67.86,67.86,51,3,2.62,RU,1660363622
Malanje,-9.5402,16.341,59.27,59.27,28,62,3.67,AO,1660363622
Cidreira,-30.1811,-50.2056,59.94,59.94,85,100,17.18,BR,1660363623
Port Blair,11.6667,92.75,83.66,83.66,76,51,16.96,IN,1660363623
Charyshskoye,51.3978,83.5598,68.5,68.5,76,42,7.16,RU,1660363624
Taman',45.2117,36.7161,79.03,79.03,76,0,5.73,RU,1660363624
Sola,-13.8833,167.55,78.55,78.55,78,82,24.74,VU,1660363625
Masasi,-10.7167,38.8,60.44,60.44,92,29,2.19,TZ,1660363625
Campeche,19.0,-90.5,78.01,78.01,80,88,0.92,MX,1660363626
Urengoy,65.9667,78.3667,52.05,52.05,88,100,14.72,RU,1660363626
Lebu,-37.6167,-73.65,51.82,51.82,94,100,19.82,CL,1660363389
Mindelo,16.8901,-24.9804,74.61,74.61,78,31,17.65,CV,1660363627
Banda Aceh,5.5577,95.3222,86.72,86.72,53,52,7.11,ID,1660363627
Westport,41.1415,-73.3579,62.28,72.82,54,2,5.01,US,1660363335
Zonguldak,41.25,31.8333,59.85,59.85,89,0,1.88,TR,1660363628
Kiryat Gat,31.61,34.7642,70.79,74.39,100,1,3.56,IL,1660363501
Esperance,-33.8667,121.9,63.27,63.27,50,99,18.48,AU,1660363629
Palmares do Sul,-30.2578,-50.5097,58.55,58.55,86,100,11.56,BR,1660363629
Luanda,-8.8368,13.2343,66.2,66.2,94,75,2.3,AO,1660363630
Enid,36.3956,-97.8784,80.28,82.31,60,0,8.05,US,1660363387
Caravelas,-17.7125,-39.2481,72.36,72.36,70,100,11.48,BR,1660363630
Chokwé,-24.5333,32.9833,64.51,64.51,73,0,6.26,MZ,1660363631
Novovarshavka,54.1721,74.6946,66.18,66.18,60,4,12.55,RU,1660363631
Andenes,69.3143,16.1194,49.98,51.93,93,100,6.91,NO,1660363632
Birjand,32.8663,59.2211,70.88,70.88,27,0,14.18,IR,1660363632
Takoradze,4.8845,-1.7554,73.8,73.8,91,59,10.47,GH,1660363633
Huarmey,-10.0681,-78.1522,61.74,61.74,85,22,9.15,PE,1660363633
Mt. Pleasant,32.7941,-79.8626,70.02,75.18,98,75,6.91,US,1660363391
Honiara,-9.4333,159.95,82.4,82.4,76,43,3.47,SB,1660363634
Constitución,-35.3333,-72.4167,48.38,48.38,82,100,5.75,CL,1660363635
Sirsa,29.5333,75.0167,90.64,90.64,54,0,14.47,IN,1660363635
Santa Catarina de Tepehuanes,25.35,-105.7333,69.71,69.71,59,86,4.38,MX,1660363636
Shangqiu,34.45,115.65,94.48,94.48,56,56,11.7,CN,1660363636
Carnarvon,-24.8667,113.6333,75.24,75.24,58,0,15.95,AU,1660363636
Paamiut,61.994,-49.6678,44.46,44.46,78,36,3.69,GL,1660363637
Namatanai,-3.6667,152.4333,84.25,84.25,68,61,7.52,PG,1660363637
Cabo Rojo,18.0866,-67.1457,73.06,81.73,87,89,1.01,PR,1660363637
Makakilo City,21.3469,-158.0858,74.98,80.92,58,20,14.97,US,1660363638
Castro,-24.7911,-50.0119,47.95,47.95,98,68,8.25,BR,1660363639
Talaya,61.3833,152.75,72.7,72.7,40,31,4.7,RU,1660363639
Yantarnyy,54.8717,19.9381,57.06,65.75,82,33,9.57,RU,1660363639
Agadir,30.4202,-9.5982,70.25,70.25,83,3,1.61,MA,1660363640
Kem',64.9555,34.5793,53.71,53.71,68,4,8.3,RU,1660363640
Santa Marta,11.2408,-74.199,79.34,79.34,83,100,4.34,CO,1660363641
Chul'man,56.8479,124.9104,54.55,54.55,95,100,3.53,RU,1660363641
San Quintín,30.4833,-115.95,71.58,71.58,84,43,10.18,MX,1660363641
Katherine,-14.4667,132.2667,88.12,88.12,33,65,12.66,AU,1660363642
Muskogee,35.5834,-95.3336,75.97,80.67,80,0,0.0,US,1660363642
Buin,-33.7333,-70.75,42.84,50.74,84,82,2.35,CL,1660363643
Tuatapere,-46.1333,167.6833,47.82,47.82,79,69,6.73,NZ,1660363643
Vao,-22.6667,167.4833,70.2,70.2,65,97,19.51,NC,1660363644
Kahului,20.8947,-156.47,78.84,84.22,61,40,25.32,US,1660363533
Peterhead,57.5058,-1.7981,54.45,55.8,89,77,5.39,GB,1660363644
Nanortalik,60.1432,-45.2371,45.99,45.99,98,97,6.49,GL,1660363645
Limbang,4.75,115.0,89.06,89.71,54,10,4.23,MY,1660363646
Isangel,-19.55,169.2667,74.48,74.48,62,69,18.25,VU,1660363646
Saint George,37.1041,-113.5841,79.25,81.19,58,0,1.01,US,1660363612
Nador,35.174,-2.9287,82.65,82.65,78,0,3.44,MA,1660363647
Markova,48.6758,24.4138,60.21,60.21,97,100,1.54,UA,1660363647
Vallenar,-28.5708,-70.7581,58.73,58.73,59,0,1.99,CL,1660363648
Vestmanna,62.1564,-7.1664,50.92,50.92,93,100,5.75,FO,1660363648
Xichang,27.8964,102.2634,79.41,79.41,67,57,3.56,CN,1660363649
Anadyr,64.75,177.4833,68.5,68.5,60,40,13.42,RU,1660363649
Ihosy,-22.4,46.1167,55.99,55.99,87,56,4.9,MG,1660363649
Kota Kinabalu,5.9749,116.0724,88.88,89.58,79,20,5.99,MY,1660363461
Cherskiy,68.75,161.3,46.76,46.76,52,52,17.4,RU,1660363650
Alyangula,-13.8483,136.4192,79.43,79.43,61,15,15.57,AU,1660363650
Bagan,54.1001,77.6646,68.14,68.14,66,95,14.27,RU,1660363651
Whyalla,-33.0333,137.5833,59.47,59.47,52,40,15.99,AU,1660363651
San Patricio,28.017,-97.5169,79.52,84.09,71,49,4.25,US,1660363651
Khovd,48.0056,91.6419,64.81,64.81,56,49,8.12,MN,1660363652
Vilyuysk,63.7553,121.6247,66.13,66.13,55,97,6.89,RU,1660363652
Okhotsk,59.3833,143.3,59.52,59.52,86,100,7.05,RU,1660363652
Tezu,27.9167,96.1667,80.85,80.85,95,100,0.58,IN,1660363653
Kalmunai,7.4167,81.8167,85.93,85.93,63,72,6.44,LK,1660363653
Camacha,33.0833,-16.3333,65.62,65.62,83,20,6.91,PT,1660363654
Lakes Entrance,-37.8811,147.981,52.66,52.66,82,100,4.97,AU,1660363655
Walvis Bay,-22.9575,14.5053,53.1,53.1,77,29,8.68,NA,1660363655
Bang Saphan,11.2126,99.5117,86.83,86.83,62,100,5.37,TH,1660363655
Ust'-Ishim,57.6935,71.1665,56.91,56.91,97,100,7.81,RU,1660363656
Molepolole,-24.4066,25.4951,55.87,55.87,30,12,7.16,BW,1660363656
Mahārāganj,27.1333,83.5667,90.27,90.27,60,2,5.97,IN,1660363657
Batticaloa,7.7102,81.6924,86.16,86.16,61,76,5.14,LK,1660363657
Atar,20.5169,-13.0499,80.19,80.19,66,100,19.33,MR,1660363658
Béboto,8.2668,16.939,68.04,68.04,98,100,3.0,TD,1660363658
Kayerkan,69.3497,87.7602,59.52,59.52,58,100,18.84,RU,1660363659
Prado,-17.3411,-39.2208,71.28,71.28,77,75,11.41,BR,1660363660
Jalu,29.0331,21.5482,77.81,77.81,37,0,1.83,LY,1660363660
Sátão,40.7418,-7.7329,57.42,57.42,80,12,1.72,PT,1660363660
Progreso,21.2833,-89.6667,80.11,80.71,85,100,13.58,MX,1660363661
Burnie,-41.0667,145.9167,56.95,56.95,57,4,4.38,AU,1660363661
Lázaro Cárdenas,17.9583,-102.2,77.72,77.72,89,100,2.35,MX,1660363662
Kabalo,-6.05,26.9167,71.76,71.76,37,30,3.31,CD,1660363662
Tulun,54.5611,100.5792,69.21,69.21,60,49,3.22,RU,1660363662
Itanagar,27.1,93.6167,80.42,80.42,90,100,6.04,IN,1660363663
Agüimes,27.9054,-15.4461,67.66,70.43,73,40,21.85,ES,1660363663
Port Macquarie,-31.4333,152.9167,71.89,71.89,46,88,7.36,AU,1660363664
Chicama,-7.8447,-79.1469,57.74,57.74,85,56,4.94,PE,1660363664
La Reforma,25.0833,-108.05,81.59,81.59,81,31,2.75,MX,1660363665
Lazeshchyna,48.2685,24.4201,57.56,57.56,99,99,2.73,UA,1660363665
Quryq,43.2,51.65,84.88,84.88,27,6,8.25,KZ,1660363666
Taltal,-25.4,-70.4833,56.68,56.68,75,6,4.25,CL,1660363666
Guozhen,34.3659,107.359,100.6,100.6,33,100,4.76,CN,1660363666
Maningrida,-12.0667,134.2667,86.09,86.09,45,6,14.61,AU,1660363667
Puerto Carreño,6.189,-67.4859,75.09,75.09,94,100,8.25,CO,1660363667
Gbadolite,4.2833,21.0167,69.66,69.66,98,86,1.9,CD,1660363668
Provideniya,64.3833,-173.3,54.79,54.79,82,97,4.52,RU,1660363669
Yei,4.095,30.6779,65.43,65.43,98,99,1.12,SS,1660363669
Kloulklubed,7.0419,134.2556,75.7,75.7,76,100,9.48,PW,1660363669
Moreira Sales,-24.0622,-53.0069,55.08,55.08,75,21,6.93,BR,1660363670
Abu Dhabi,24.4667,54.3667,91.96,91.96,52,90,12.33,AE,1660363556
Sarakhs,36.5449,61.1577,82.92,82.92,21,0,10.63,IR,1660363671
Pisco,-13.7,-76.2167,57.02,57.25,88,75,4.61,PE,1660363671
Ternovka,51.678,41.6375,73.22,73.22,48,90,7.7,RU,1660363672
Makueni Boma,-1.8041,37.6203,59.65,59.65,84,100,3.24,KE,1660363672
Marshfield,44.6689,-90.1718,56.44,58.08,82,40,5.75,US,1660363673
Hay River,60.8156,-115.7999,58.98,58.98,58,0,5.48,CA,1660363673
Corpus Christi,27.8006,-97.3964,81.21,84.24,79,100,5.75,US,1660363564
Bandrele,-12.9067,45.1914,74.95,74.95,78,0,10.36,YT,1660363674
Energetik,51.7445,58.7934,69.55,69.55,49,0,6.53,RU,1660363674
Zile,40.3031,35.8864,67.59,67.59,88,2,1.68,TR,1660363675
Aginskoye,51.1,114.53,74.95,74.95,35,32,4.61,RU,1660363675
San Andrés,12.5847,-81.7006,80.62,80.62,83,75,5.75,CO,1660363516
Chake Chake,-5.2459,39.7666,72.59,72.59,80,74,8.41,TZ,1660363676
Kamnik,46.2259,14.6121,50.43,57.04,88,75,2.3,SI,1660363676
Sangar,63.9242,127.4739,66.81,66.81,75,75,3.2,RU,1660363677
Sungai Penuh,-2.0833,101.3833,72.12,72.12,79,100,0.74,ID,1660363677
Kuah,6.3265,99.8432,82.2,82.2,74,23,5.39,MY,1660363678
Linxia Chengguanzhen,35.6003,103.2064,82.76,82.76,54,90,3.18,CN,1660363678
Yining,29.0361,114.5636,101.57,101.57,34,16,4.83,CN,1660363679
Wasilla,61.5814,-149.4394,58.48,62.4,91,75,5.75,US,1660363679
Algeciras,36.1333,-5.4505,76.68,76.68,78,75,4.61,ES,1660363679
Tessalit,20.1986,1.0114,87.08,87.08,38,96,3.87,ML,1660363680
Jackson,42.4165,-122.8345,63.64,75.07,43,0,4.61,US,1660363660
Ust'-Uda,54.1742,103.0304,70.25,70.25,57,23,3.49,RU,1660363680
Orange Cove,36.6244,-119.3137,79.68,89.26,32,0,5.75,US,1660363622
Ponta Delgada,37.7333,-25.6667,70.52,70.52,83,20,6.91,PT,1660363681
Fortuna,40.5982,-124.1573,58.12,62.65,87,0,8.05,US,1660363636
Jasper,37.2001,-94.3502,71.46,79.56,67,0,3.44,US,1660363681
Willowmore,-33.2926,23.4895,44.02,44.02,80,100,3.0,ZA,1660363682
Oranjemund,-28.55,16.4333,55.58,55.58,93,100,6.11,NA,1660363682
Marystown,47.1666,-55.1483,62.17,62.17,99,100,8.08,CA,1660363682
Belyy Yar,53.6039,91.3903,69.69,70.86,68,0,4.47,RU,1660363683
Vestmannaeyjar,63.4427,-20.2734,48.97,48.97,76,100,10.47,IS,1660363683
Bandarbeyla,9.4942,50.8122,80.04,80.04,62,100,28.9,SO,1660363684
Okha,53.5739,142.9478,55.27,55.27,93,100,14.67,RU,1660363684
San Miguel,13.4833,-88.1833,73.24,73.24,98,99,2.04,SV,1660363496
Emba,48.8264,58.1442,81.82,81.82,40,0,4.9,KZ,1660363685
Roald,62.5833,6.1333,55.09,63.16,94,100,3.44,NO,1660363685
Udangudi,8.4333,78.0167,89.78,89.78,54,100,5.86,IN,1660363686
São Félix do Xingu,-6.6447,-51.995,74.34,74.34,46,17,1.86,BR,1660363686
Bluefields,12.0137,-83.7635,76.71,76.71,93,100,4.07,NI,1660363687
Fare,-16.7,-151.0167,78.49,78.49,67,9,15.03,PF,1660363687
Ratnagiri,16.9833,73.3,79.97,79.97,86,100,15.41,IN,1660363687
Riyadh,24.6877,46.7219,93.34,93.34,20,85,16.46,SA,1660363688
Tsogni,-2.7942,10.0988,70.93,70.93,82,100,4.25,GA,1660363688
Soledade,-28.8183,-52.5103,52.09,52.09,86,100,9.26,BR,1660363688
Severodvinsk,64.5635,39.8302,57.11,57.31,71,2,9.04,RU,1660363689
Tilichiki,60.4667,166.1,64.96,64.96,64,19,4.56,RU,1660363689
Morehead,37.2711,-87.1764,63.99,67.75,84,0,3.44,US,1660363689
Trivandrum,8.4833,76.9167,82.38,82.38,78,40,6.91,IN,1660363690
Szczecinek,53.7079,16.6994,62.06,62.06,82,94,4.7,PL,1660363690
Srednekolymsk,67.45,153.6833,61.63,61.63,38,93,13.49,RU,1660363691
Lima,-12.0432,-77.0282,59.9,59.9,85,31,6.96,PE,1660363407
Namtsy,62.7161,129.6658,74.88,74.88,44,61,5.48,RU,1660363691
Bilibino,68.0546,166.4372,52.07,52.07,61,99,2.68,RU,1660363691
Saint-François,46.4154,3.9054,54.84,56.68,71,0,0.0,FR,1660363692
Swan River,52.1058,-101.2676,63.64,63.64,83,19,4.27,CA,1660363692
Marawi,7.9986,124.2928,81.19,81.19,70,67,1.57,PH,1660363693
Hatillo,18.4863,-66.8254,73.17,79.09,90,100,1.01,PR,1660363693
Harper,4.375,-7.7169,74.8,74.8,83,100,11.1,LR,1660363694
Guayaramerín,-10.8368,-65.3614,73.87,73.87,66,31,2.01,BO,1660363695
Sitka,57.0531,-135.33,60.69,60.69,82,100,3.44,US,1660363695
Leshukonskoye,64.8989,45.7622,54.64,54.64,67,6,8.79,RU,1660363696
Nyurba,63.2842,118.3319,64.38,64.38,71,99,6.69,RU,1660363696
Beringovskiy,63.05,179.3167,58.46,58.46,76,60,5.68,RU,1660363696
Labuhan,-6.8844,112.2051,88.5,88.5,60,31,6.82,ID,1660363697
Xapuri,-10.6517,-68.5044,74.59,74.59,68,4,1.1,BR,1660363697
Sayyan,15.1718,44.3244,64.42,64.42,65,87,5.99,YE,1660363698
Saint-Pierre,-21.3393,55.4781,63.18,68.92,70,20,8.05,RE,1660363698
Mandalgovi,45.7625,106.2708,66.67,66.67,55,100,12.21,MN,1660363698
Belawan,3.7755,98.6832,82.29,82.69,83,100,3.44,ID,1660363699
Noumea,-22.2763,166.4572,76.98,77.0,99,71,15.37,NC,1660363699
Rawson,-43.3002,-65.1023,48.54,48.54,67,87,2.37,AR,1660363699
Oruzgan,32.8333,66.0,82.98,82.98,22,37,2.08,AF,1660363700
Ayní,39.3941,68.5377,76.35,76.35,33,0,1.28,TJ,1660363700
Madimba,-10.4,40.3333,66.99,66.99,88,19,4.83,TZ,1660363701
Dandong,40.1292,124.3947,80.44,80.44,73,79,2.37,CN,1660363701
Socorro,31.6546,-106.3033,81.61,84.49,41,75,3.44,US,1660363701
Mumford,5.2618,-0.759,72.09,72.09,95,56,10.69,GH,1660363702
Dunda,-8.1167,34.25,54.55,54.55,79,47,2.19,TZ,1660363702
Dzhebariki-Khaya,62.2167,135.8,61.7,61.7,81,100,3.38,RU,1660363703
Estelle,29.8458,-90.1067,77.0,80.6,80,75,3.44,US,1660363703
Adré,13.4667,22.2,68.59,68.59,95,85,3.24,TD,1660363704
Ust'-Koksa,50.2696,85.6108,63.19,63.19,73,82,2.73,RU,1660363704
Mogadishu,2.0371,45.3438,75.85,75.85,84,93,17.85,SO,1660363705
Deputatsky,69.3,139.9,48.38,48.38,70,100,9.69,RU,1660363705
La Ronge,55.1001,-105.2842,58.21,58.21,65,38,3.69,CA,1660363706
Macas,-2.3167,-78.1167,67.1,67.1,92,91,2.08,EC,1660363654
Srīvardhan,18.0333,73.0167,80.2,80.2,88,78,15.82,IN,1660363706
Weiser,44.251,-116.9693,78.89,83.32,45,0,3.06,US,1660363707
Torzhok,57.0436,34.9622,61.81,61.81,79,98,0.22,RU,1660363707
Koundara,12.4833,-13.3,72.07,72.07,98,100,4.99,GN,1660363707
Liberal,37.0431,-100.921,76.24,78.94,38,0,9.22,US,1660363708
Nagapattinam,10.7667,79.8333,87.46,87.46,59,100,7.09,IN,1660363708
Kathu,7.9178,98.3332,85.82,85.82,70,16,8.12,TH,1660363709
High Level,58.5169,-117.136,63.39,63.39,61,1,6.96,CA,1660363709
Xiuyan,40.2928,123.2744,79.03,79.03,75,87,5.5,CN,1660363709
Mīzan Teferī,6.9833,35.5833,61.05,61.05,99,100,0.34,ET,1660363710
Avezzano,42.0402,13.4388,55.45,62.73,80,79,2.28,IT,1660363710
Sistranda,63.7256,8.834,55.36,55.36,76,100,6.69,NO,1660363711
Hudson Bay,52.85,-102.3842,62.19,62.19,97,33,5.5,CA,1660363711
Carballo,43.213,-8.691,55.42,58.42,97,46,1.77,ES,1660363711
Maku,39.2911,44.4521,71.17,71.17,54,0,3.47,IR,1660363712
Mangalore,12.8667,74.8833,81.46,81.46,83,40,3.44,IN,1660363712
Calabozo,8.9242,-67.4293,73.29,73.29,95,63,2.64,VE,1660363713
Nālūt,30.3333,10.85,75.49,75.49,52,0,10.78,LY,1660363713
Kātol,21.2667,78.5833,79.11,79.11,81,95,13.24,IN,1660363714
Buraidah,26.326,43.975,92.01,92.01,22,5,8.01,SA,1660363714
Huazhou,21.6333,110.5833,86.0,86.0,74,82,8.16,CN,1660363715
Jamnagar,22.4667,70.0667,82.87,82.87,76,98,17.2,IN,1660363715
Kalispell,48.1958,-114.3129,60.76,69.39,80,0,0.0,US,1660363664
Yelizovo,53.1873,158.3805,68.14,69.12,64,75,6.71,RU,1660363716
Tucupita,9.0622,-62.051,74.08,74.08,99,15,2.73,VE,1660363716
Ust-Tsilma,65.441,52.1498,54.09,54.09,75,30,10.87,RU,1660363717
La Libertad,-2.2333,-80.9,68.59,68.59,84,100,9.89,EC,1660363717
Qaqortoq,60.7167,-46.0333,45.9,45.9,95,100,2.95,GL,1660363718
Lethbridge,49.7,-112.8186,70.65,70.65,68,85,7.92,CA,1660363454
Kutum,14.2,24.6667,69.31,69.31,86,99,4.99,SD,1660363718
Bulgan,48.8125,103.5347,57.33,57.33,94,100,3.56,MN,1660363719
São José da Coroa Grande,-8.8978,-35.1478,74.82,74.82,79,0,10.65,BR,1660363719
Yashkul',46.1711,45.3435,83.77,83.77,24,100,14.18,RU,1660363720
Whitianga,-36.8333,175.7,55.47,55.47,65,67,7.45,NZ,1660363720
Dmytrivka,45.9717,28.9864,69.69,69.69,75,99,13.42,UA,1660363721
Brandfort,-28.7001,26.4597,45.37,45.37,38,10,0.94,ZA,1660363722
Brae,60.3964,-1.353,54.41,54.41,83,100,3.94,GB,1660363722
Bāg,22.3667,74.7667,80.42,80.42,80,98,10.54,IN,1660363723
Yumen,40.2833,97.2,82.87,82.87,27,65,7.05,CN,1660363723
Necochea,-38.5473,-58.7368,57.54,57.54,64,100,11.63,AR,1660363724
Isaccea,45.2667,28.4667,70.29,70.43,78,3,10.67,RO,1660363724
Luxor,25.6989,32.6421,82.53,82.53,30,7,7.49,EG,1660363724
Caibiran,11.5717,124.5822,84.33,84.33,76,83,3.15,PH,1660363725
Flinders,-34.5833,150.8552,63.37,63.37,60,95,8.12,AU,1660363725
Cartagena,10.3997,-75.5144,78.42,78.42,94,75,11.5,CO,1660363561
Broumov,50.5857,16.3318,56.44,62.73,100,100,3.53,CZ,1660363726
Aykhal,66.0,111.5,41.2,41.2,92,100,15.99,RU,1660363726
Mahanoro,-19.9,48.8,63.19,63.19,89,24,3.94,MG,1660363727
Katsuura,35.1333,140.3,78.82,78.82,89,75,23.64,JP,1660363727
Zeya,53.75,127.2667,66.16,66.16,75,93,2.82,RU,1660363727
Diplo,24.4667,69.584,83.77,83.77,75,97,15.82,PK,1660363728
Rocha,-34.4833,-54.3333,54.07,54.07,97,100,8.21,UY,1660363728
Abnūb,27.2696,31.1511,78.82,78.82,56,20,10.16,EG,1660363729
Khingansk,49.1167,131.1833,64.58,64.58,82,47,2.8,RU,1660363729
Kodinsk,58.6881,99.1844,62.33,62.33,55,83,3.85,RU,1660363729
Santiago del Estero,-27.7951,-64.2615,60.03,60.03,45,52,3.8,AR,1660363730
Ilebo,-4.3167,20.5833,68.4,68.4,33,48,2.26,CD,1660363730
Padang,-0.9492,100.3543,86.05,86.05,74,98,3.53,ID,1660363731
Gravelbourg,49.8834,-106.5512,75.78,75.78,39,9,8.95,CA,1660363731
Walla Walla,46.0646,-118.343,76.86,83.88,46,0,5.75,US,1660363732
Pringsewu,-5.3582,104.9744,86.38,86.38,64,94,3.62,ID,1660363732
Kamina,-8.7386,24.9906,61.16,61.16,43,94,3.71,CD,1660363732
Jiuquan,39.7432,98.5174,80.38,80.38,36,95,14.47,CN,1660363733
Tashara,55.5195,83.5094,72.18,72.18,46,28,3.89,RU,1660363733
Meget,52.415,104.0494,70.56,71.76,43,76,1.21,RU,1660363733
Hamilton,39.1834,-84.5333,58.1,65.57,85,0,0.0,US,1660363734
Nouadhibou,20.931,-17.0347,72.79,72.79,82,75,10.29,MR,1660363734
